MSD10000|387
MSD10001|388
MSD10002|389
MSD10003|390
MSD10004|391
MSD10005|385
MSD10006|386
MSD10007|521
MSD10008|522
MSD10009|523
MSD10010|524
MSD10011|525
MSD10012|533
MSD10014|127
MSD10015|146
MSD10016|145
MSD10017|175
MSD10018|159
MSD10019|129
MSD10020|128
MSD10021|180
MSD10022|181
MSD10023|130
MSD10024|183
MSD10025|184
MSD10026|171
MSD10027|172
MSD10028|192
MSD10029|162
MSD10030|138
MSD10031|139
MSD10032|163
MSD10033|164
MSD10034|196
MSD10035|201
MSD10036|203
MSD10037|206
MSD10038|210
MSD10039|211
MSD10040|212
MSD10041|213
MSD10042|168
MSD10044|214
MSD10045|217
MSD10046|215
MSD10047|216
MSD10048|218
MSD10049|169
MSD10050|170